{
  "agentCreateWidget.defs.ts": [],
  "agentCreateWidget.test.ts": [
    "/_100554_/l2/tsTestAST.js"
  ],
  "agentCreateWidget.ts": [
    "/_100554_/l2/aiAgentBase.js",
    "/_100554_/l2/aiPrompts.js",
    "/_100554_/l2/aiAgentHelper.js",
    "/_100554_/l2/aiAgentOrchestration.js",
    "/_100554_/l2/collabImport.js",
    "/_102026_/l2/widgetClarificationNewWidget.js"
  ],
  "agentCreateWidget2.defs.ts": [],
  "agentCreateWidget2.test.ts": [
    "/_100554_/l2/tsTestAST.js"
  ],
  "agentCreateWidget2.ts": [
    "/_100554_/l2/aiAgentBase.js",
    "/_100554_/l2/aiPrompts.js",
    "/_100554_/l2/aiAgentHelper.js",
    "/_100554_/l2/aiAgentOrchestration.js",
    "/_100554_/l2/collabDOMSync.js",
    "/_100554_/l2/pluginNewFileBase.js"
  ],
  "agentCreateWidget3.defs.ts": [],
  "agentCreateWidget3.test.ts": [
    "/_100554_/l2/tsTestAST.js"
  ],
  "agentCreateWidget3.ts": [
    "/_100554_/l2/aiAgentBase.js",
    "/_100554_/l2/aiPrompts.js",
    "/_100554_/l2/collabState.js",
    "/_100554_/l2/collabDOMSync.js",
    "/_100554_/l2/aiAgentHelper.js",
    "/_100554_/l2/aiAgentOrchestration.js"
  ],
  "designSystem.defs.ts": [],
  "designSystem.test.ts": [
    "./_100554_tsTestAST"
  ],
  "designSystem.ts": [
    "/_100554_/l2/designSystemBase"
  ],
  "project.defs.ts": [],
  "project.test.ts": [
    "./_100554_tsTestAST"
  ],
  "project.ts": [],
  "widgetClarificationNewWidget.defs.ts": [],
  "widgetClarificationNewWidget.test.ts": [
    "/_100554_/l2/tsTestAST.js"
  ],
  "widgetClarificationNewWidget.ts": [
    "lit",
    "lit/decorators.js",
    "/_100554_/l2/stateLitElement.js",
    "/_100554_/l2/aiAgentOrchestration.js",
    "/_100554_/l2/utilsLit.js"
  ],
  "widgetPlaygroundState.defs.ts": [],
  "widgetPlaygroundState.test.ts": [
    "/_100554_/l2/tsTestAST.js"
  ],
  "widgetPlaygroundState.ts": [
    "lit",
    "lit/decorators.js",
    "/_100554_/l2/collabState.js"
  ]
}