{
  "designSystem.defs.ts": [],
  "designSystem.test.ts": [
    "./_100554_tsTestAST"
  ],
  "designSystem.ts": [
    "/_100554_/l2/designSystemBase"
  ],
  "project.defs.ts": [],
  "project.test.ts": [
    "./_100554_tsTestAST"
  ],
  "project.ts": [],
  "widgetClarificationNewWidget.defs.ts": [],
  "widgetClarificationNewWidget.test.ts": [
    "/_100554_/l2/tsTestAST.js"
  ],
  "widgetClarificationNewWidget.ts": [
    "lit",
    "lit/decorators.js",
    "/_100554_/l2/stateLitElement.js",
    "/_100554_/l2/aiAgentOrchestration.js",
    "/_100554_/l2/utilsLit.js"
  ],
  "widgetPlaygroundState.defs.ts": [],
  "widgetPlaygroundState.test.ts": [
    "/_100554_/l2/tsTestAST.js"
  ],
  "widgetPlaygroundState.ts": [
    "lit",
    "lit/decorators.js",
    "/_100554_/l2/collabState.js"
  ]
}