{
  "lastModified": "2025-12-15T18:58:21.454Z",
  "files": [
    {
      "shortPath": "l0/README.md",
      "versionRef": "4df0d644f89ee1a14cec9a4e007e8e6126be18eb",
      "Length": 14,
      "update_at": "2025-12-01T17:09:05.000Z"
    },
    {
      "shortPath": "l2/agentCreateWidget.defs.ts",
      "versionRef": "c14651e7a6470d9d3c0c414cb1e58a952ab1f0d5",
      "Length": 91,
      "update_at": "2025-12-12T19:17:23.000Z"
    },
    {
      "shortPath": "l2/agentCreateWidget.html",
      "versionRef": "6b8999589a157debf5d86afbceb97e2e91ca38d2",
      "Length": 3300,
      "update_at": "2025-12-12T19:17:24.000Z"
    },
    {
      "shortPath": "l2/agentCreateWidget.less",
      "versionRef": "e46a2f9183e258d874c74a080317a572f08a5c85",
      "Length": 155,
      "update_at": "2025-12-12T19:17:24.000Z"
    },
    {
      "shortPath": "l2/agentCreateWidget.test.ts",
      "versionRef": "0fa4033de0b6e48f61befdfade50bcafc5fa0048",
      "Length": 265,
      "update_at": "2025-12-12T19:17:25.000Z"
    },
    {
      "shortPath": "l2/agentCreateWidget.ts",
      "versionRef": "17fc1337990c93000db0b142894b7ce73a8a68e7",
      "Length": 8778,
      "update_at": "2025-12-12T19:17:26.000Z"
    },
    {
      "shortPath": "l2/agentCreateWidget2.defs.ts",
      "versionRef": "38ed592ef990f974db96b72d81683337eb281cc4",
      "Length": 92,
      "update_at": "2025-12-12T19:17:19.000Z"
    },
    {
      "shortPath": "l2/agentCreateWidget2.html",
      "versionRef": "603b7a8bff9c8dcd258924e7d8131e5134388052",
      "Length": 14231,
      "update_at": "2025-12-12T19:17:20.000Z"
    },
    {
      "shortPath": "l2/agentCreateWidget2.less",
      "versionRef": "9d73d19cef278b93ed58108df71a522da2f11a84",
      "Length": 157,
      "update_at": "2025-12-12T19:17:20.000Z"
    },
    {
      "shortPath": "l2/agentCreateWidget2.test.ts",
      "versionRef": "03fbb70c52c41dc87738fc5349934c34ed91c4e0",
      "Length": 266,
      "update_at": "2025-12-12T19:17:21.000Z"
    },
    {
      "shortPath": "l2/agentCreateWidget2.ts",
      "versionRef": "96dcda543ae1ebfa34018601ccfe3ea22c9abe6f",
      "Length": 7462,
      "update_at": "2025-12-15T18:57:31.000Z"
    },
    {
      "shortPath": "l2/agentCreateWidget3.defs.ts",
      "versionRef": "c1f7583f6c2432004555b67ce6da7e9b632888f6",
      "Length": 92,
      "update_at": "2025-12-15T18:57:33.000Z"
    },
    {
      "shortPath": "l2/agentCreateWidget3.html",
      "versionRef": "032c0a947902eeee529684647df428518961972f",
      "Length": 7728,
      "update_at": "2025-12-15T18:57:34.000Z"
    },
    {
      "shortPath": "l2/agentCreateWidget3.less",
      "versionRef": "3bf38827af2897495f4cbf06dbcff4ec0bd5d287",
      "Length": 157,
      "update_at": "2025-12-15T18:57:35.000Z"
    },
    {
      "shortPath": "l2/agentCreateWidget3.test.ts",
      "versionRef": "592f9e835c8ee137493693b3e9309f3a3cef1254",
      "Length": 266,
      "update_at": "2025-12-15T18:57:36.000Z"
    },
    {
      "shortPath": "l2/agentCreateWidget3.ts",
      "versionRef": "b0d7aecb7c7dda29a2eb4705e8daced742d89040",
      "Length": 10529,
      "update_at": "2025-12-15T18:57:37.000Z"
    },
    {
      "shortPath": "l2/designSystem.defs.ts",
      "versionRef": "2616d5e7ce23bb9844def63285b725d4d50bf101",
      "Length": 86,
      "update_at": "2025-12-01T17:09:26.000Z"
    },
    {
      "shortPath": "l2/designSystem.html",
      "versionRef": "407e94c1cf19a0a3117d9d391bd2a1dcb58b4471",
      "Length": 21,
      "update_at": "2025-12-01T17:09:27.000Z"
    },
    {
      "shortPath": "l2/designSystem.less",
      "versionRef": "01d8d6278452c39f7e0d63166c5e29443dd59017",
      "Length": 144,
      "update_at": "2025-12-01T17:09:27.000Z"
    },
    {
      "shortPath": "l2/designSystem.test.ts",
      "versionRef": "9ca19ff41c7c241c44334b6e8bf23b956efd24f2",
      "Length": 254,
      "update_at": "2025-12-01T17:09:28.000Z"
    },
    {
      "shortPath": "l2/designSystem.ts",
      "versionRef": "741e5825367baeb295c008d5fbf1f21ac03366c8",
      "Length": 16181,
      "update_at": "2025-12-12T19:17:18.000Z"
    },
    {
      "shortPath": "l2/project.defs.ts",
      "versionRef": "8da1fb05d693c1626f570f52fb1fe94e51324767",
      "Length": 81,
      "update_at": "2025-12-01T17:09:30.000Z"
    },
    {
      "shortPath": "l2/project.html",
      "versionRef": "88a90cf32ef33346febb29387541246b1be9a2e0",
      "Length": 16,
      "update_at": "2025-12-01T17:09:31.000Z"
    },
    {
      "shortPath": "l2/project.less",
      "versionRef": "2e305c1945529cb58b6919629f5c8eab3d0dc3b2",
      "Length": 130,
      "update_at": "2025-12-01T17:09:32.000Z"
    },
    {
      "shortPath": "l2/project.test.ts",
      "versionRef": "4461fafe151cf9e2f99ed991f42ac28bcdc4946c",
      "Length": 249,
      "update_at": "2025-12-01T17:09:33.000Z"
    },
    {
      "shortPath": "l2/project.ts",
      "versionRef": "abb42a563e4c61a7059dd5ffbebdf791165e50e9",
      "Length": 331,
      "update_at": "2025-12-01T17:09:33.000Z"
    },
    {
      "shortPath": "l2/widget/inputNumber/index.defs.ts",
      "versionRef": "6cddbeacd871364b43bd1b8106554b4ababe6719",
      "Length": 97,
      "update_at": "2025-12-12T19:17:31.000Z"
    },
    {
      "shortPath": "l2/widget/inputNumber/index.html",
      "versionRef": "fdad391fa04bc908fe2966d8857d4bafe9097e85",
      "Length": 14,
      "update_at": "2025-12-12T19:17:32.000Z"
    },
    {
      "shortPath": "l2/widget/inputNumber/index.less",
      "versionRef": "608b3e89076ee6a1b905e9e9179ce814b8442a2a",
      "Length": 169,
      "update_at": "2025-12-12T19:17:32.000Z"
    },
    {
      "shortPath": "l2/widget/inputNumber/index.test.ts",
      "versionRef": "fb2b24dbbb4ab5c23a72951c495839ac9411e041",
      "Length": 271,
      "update_at": "2025-12-12T19:17:33.000Z"
    },
    {
      "shortPath": "l2/widget/inputNumber/index.ts",
      "versionRef": "c5fc8983a1b6506e5f4f9ca3c517f659e97b147a",
      "Length": 273,
      "update_at": "2025-12-12T19:17:34.000Z"
    },
    {
      "shortPath": "l2/widget/selectOne/index.defs.ts",
      "versionRef": "c830eae756925a3be3ffaf126700c8d733f011e3",
      "Length": 95,
      "update_at": "2025-12-12T19:17:35.000Z"
    },
    {
      "shortPath": "l2/widget/selectOne/index.html",
      "versionRef": "fdad391fa04bc908fe2966d8857d4bafe9097e85",
      "Length": 14,
      "update_at": "2025-12-12T19:17:36.000Z"
    },
    {
      "shortPath": "l2/widget/selectOne/index.less",
      "versionRef": "746445f405c745ecb7aadb7c67c3946537eb2653",
      "Length": 165,
      "update_at": "2025-12-12T19:17:36.000Z"
    },
    {
      "shortPath": "l2/widget/selectOne/index.test.ts",
      "versionRef": "ccafbf72d305b704279a42f83a3483056d1f5098",
      "Length": 269,
      "update_at": "2025-12-12T19:17:37.000Z"
    },
    {
      "shortPath": "l2/widget/selectOne/index.ts",
      "versionRef": "a9975589c83bb8725bd8540936bb6ffe72326a54",
      "Length": 538,
      "update_at": "2025-12-12T19:17:38.000Z"
    },
    {
      "shortPath": "l2/widgetClarificationNewWidget.defs.ts",
      "versionRef": "d5d40391c6f8ef2fde6c8a6582f50f1902f0a020",
      "Length": 102,
      "update_at": "2025-12-12T19:17:27.000Z"
    },
    {
      "shortPath": "l2/widgetClarificationNewWidget.html",
      "versionRef": "12ed524188944fe81075c77c3f13dea8a180d2a3",
      "Length": 110,
      "update_at": "2025-12-12T19:17:28.000Z"
    },
    {
      "shortPath": "l2/widgetClarificationNewWidget.less",
      "versionRef": "0338d87205e1fb2e65f289cb19c8ea88b0168b40",
      "Length": 2094,
      "update_at": "2025-12-12T19:17:29.000Z"
    },
    {
      "shortPath": "l2/widgetClarificationNewWidget.test.ts",
      "versionRef": "240ae6fbeea2dbba291144932565a72deffdbc21",
      "Length": 276,
      "update_at": "2025-12-12T19:17:29.000Z"
    },
    {
      "shortPath": "l2/widgetClarificationNewWidget.ts",
      "versionRef": "d1af91aab7dbdaf1bfbf1cf798844c975c20862e",
      "Length": 15887,
      "update_at": "2025-12-15T18:57:32.000Z"
    },
    {
      "shortPath": "l2/widgetPlaygroundState.defs.ts",
      "versionRef": "a505a2a857e2fd6212fd5dd3d45df72b34177d48",
      "Length": 95,
      "update_at": "2025-12-15T18:57:37.000Z"
    },
    {
      "shortPath": "l2/widgetPlaygroundState.html",
      "versionRef": "2b274021a72b3d68cc27bc46f8644dfcc23f832e",
      "Length": 30,
      "update_at": "2025-12-15T18:57:38.000Z"
    },
    {
      "shortPath": "l2/widgetPlaygroundState.less",
      "versionRef": "241da0ee08d00edff79494d1e07d2c40b554dbd4",
      "Length": 163,
      "update_at": "2025-12-15T18:57:39.000Z"
    },
    {
      "shortPath": "l2/widgetPlaygroundState.test.ts",
      "versionRef": "84ad1daba26ffe1be54a8b07cf0f982572d6c158",
      "Length": 269,
      "update_at": "2025-12-15T18:57:40.000Z"
    },
    {
      "shortPath": "l2/widgetPlaygroundState.ts",
      "versionRef": "62894a6a77e64a11190cee07a2ea4ace87d8efd1",
      "Length": 972,
      "update_at": "2025-12-15T18:57:40.000Z"
    },
    {
      "shortPath": "l5/project.json",
      "versionRef": "dd83bc42f62f3501e7ace249f2769b1dc75a71c1",
      "Length": 375,
      "update_at": "2025-12-01T17:09:34.000Z"
    },
    {
      "shortPath": "l0/package.json",
      "versionRef": "b4bed58a4353de88ca6e620947d50bcfd919780f",
      "Length": 470,
      "update_at": "2025-12-01T17:09:08.000Z"
    },
    {
      "shortPath": "l0/tsconfig.json",
      "versionRef": "f631a300b5933b05930cd9f4bcd1b72ee38178e4",
      "Length": 1042,
      "update_at": "2025-12-04T19:25:49.000Z"
    }
  ]
}