{
  "lastModified": "2025-12-01T17:10:07.970Z",
  "files": [
    {
      "shortPath": "l0/README.md",
      "versionRef": "4df0d644f89ee1a14cec9a4e007e8e6126be18eb",
      "Length": 14,
      "update_at": "2025-12-01T17:09:05.000Z"
    },
    {
      "shortPath": "l2/designSystem.defs.ts",
      "versionRef": "2616d5e7ce23bb9844def63285b725d4d50bf101",
      "Length": 86,
      "update_at": "2025-12-01T17:09:26.000Z"
    },
    {
      "shortPath": "l2/designSystem.html",
      "versionRef": "407e94c1cf19a0a3117d9d391bd2a1dcb58b4471",
      "Length": 21,
      "update_at": "2025-12-01T17:09:27.000Z"
    },
    {
      "shortPath": "l2/designSystem.less",
      "versionRef": "01d8d6278452c39f7e0d63166c5e29443dd59017",
      "Length": 144,
      "update_at": "2025-12-01T17:09:27.000Z"
    },
    {
      "shortPath": "l2/designSystem.test.ts",
      "versionRef": "9ca19ff41c7c241c44334b6e8bf23b956efd24f2",
      "Length": 254,
      "update_at": "2025-12-01T17:09:28.000Z"
    },
    {
      "shortPath": "l2/designSystem.ts",
      "versionRef": "3c64920f6c5390cc8cc2a63fc15efbed544fbc38",
      "Length": 16178,
      "update_at": "2025-12-01T17:09:29.000Z"
    },
    {
      "shortPath": "l2/project.defs.ts",
      "versionRef": "8da1fb05d693c1626f570f52fb1fe94e51324767",
      "Length": 81,
      "update_at": "2025-12-01T17:09:30.000Z"
    },
    {
      "shortPath": "l2/project.html",
      "versionRef": "88a90cf32ef33346febb29387541246b1be9a2e0",
      "Length": 16,
      "update_at": "2025-12-01T17:09:31.000Z"
    },
    {
      "shortPath": "l2/project.less",
      "versionRef": "2e305c1945529cb58b6919629f5c8eab3d0dc3b2",
      "Length": 130,
      "update_at": "2025-12-01T17:09:32.000Z"
    },
    {
      "shortPath": "l2/project.test.ts",
      "versionRef": "4461fafe151cf9e2f99ed991f42ac28bcdc4946c",
      "Length": 249,
      "update_at": "2025-12-01T17:09:33.000Z"
    },
    {
      "shortPath": "l2/project.ts",
      "versionRef": "abb42a563e4c61a7059dd5ffbebdf791165e50e9",
      "Length": 331,
      "update_at": "2025-12-01T17:09:33.000Z"
    },
    {
      "shortPath": "l5/project.json",
      "versionRef": "dd83bc42f62f3501e7ace249f2769b1dc75a71c1",
      "Length": 375,
      "update_at": "2025-12-01T17:09:34.000Z"
    },
    {
      "shortPath": "l0/package.json",
      "versionRef": "b4bed58a4353de88ca6e620947d50bcfd919780f",
      "Length": 470,
      "update_at": "2025-12-01T17:09:08.000Z"
    },
    {
      "shortPath": "l0/tsconfig.json",
      "versionRef": "6a95f6e8d8e3042af5f58de9c691a455a7221647",
      "Length": 1191,
      "update_at": "2025-12-01T17:09:09.000Z"
    }
  ]
}